report,source_id,timing,publication_date
americana-2026-06,C01,Published in report month,2026-06-23
americana-2026-06,U02,Published in report month,2026-06-25
americana-2026-06,R02,Published in report month,2026-06-04
americana-2026-06,C03,Published in report month,2026-06-28
americana-2026-06,G01,Published in report month,2026-06-11
americana-2026-06,G12,Published in report month,2026-06-25
california-garden-2026-06,U02,Published in report month,2026-06-25
california-garden-2026-06,C01,Published in report month,2026-06-23
california-garden-2026-06,R02,Published in report month,2026-06-04
california-garden-2026-06,B01,Earlier context / ongoing development,2025-11-08
california-garden-2026-06,G01,Published in report month,2026-06-11
california-garden-2026-06,G12,Published in report month,2026-06-25
zoom-2026-06,U03,Published in report month,2026-06-24
zoom-2026-06,U01,Published in report month,2026-06-25
zoom-2026-06,C03,Published in report month,2026-06-28
zoom-2026-06,R02,Published in report month,2026-06-04
zoom-2026-06,G01,Published in report month,2026-06-11
zoom-2026-06,G12,Published in report month,2026-06-25
autopro-2026-06,U04,Published in report month,2026-06-28
autopro-2026-06,U06,Published in report month,2026-06-07
autopro-2026-06,R01,Published in report month,2026-06-25
autopro-2026-06,B01,Earlier context / ongoing development,2025-11-08
autopro-2026-06,G12,Published in report month,2026-06-25
autopro-2026-06,G01,Published in report month,2026-06-11
nxt-2026-06,U05,Published in report month,2026-06-28
nxt-2026-06,U06,Published in report month,2026-06-07
nxt-2026-06,R01,Published in report month,2026-06-25
nxt-2026-06,B01,Earlier context / ongoing development,2025-11-08
nxt-2026-06,G12,Published in report month,2026-06-25
nxt-2026-06,G01,Published in report month,2026-06-11
americana-2026-07,U01,Earlier context / ongoing development,2026-06-25
americana-2026-07,C02,Published in report month,2026-07-27
americana-2026-07,M01,Published in report month,2026-07-01
americana-2026-07,R02,Earlier context / ongoing development,2026-06-04
americana-2026-07,G11,Published in report month,2026-07-07
americana-2026-07,G02,Published in report month,2026-07-17
california-garden-2026-07,C02,Published in report month,2026-07-27
california-garden-2026-07,U01,Earlier context / ongoing development,2026-06-25
california-garden-2026-07,M01,Published in report month,2026-07-01
california-garden-2026-07,R02,Earlier context / ongoing development,2026-06-04
california-garden-2026-07,G11,Published in report month,2026-07-07
california-garden-2026-07,G12,Earlier context / ongoing development,2026-06-25
zoom-2026-07,U01,Earlier context / ongoing development,2026-06-25
zoom-2026-07,C02,Published in report month,2026-07-27
zoom-2026-07,M01,Published in report month,2026-07-01
zoom-2026-07,C03,Earlier context / ongoing development,2026-06-28
zoom-2026-07,G11,Published in report month,2026-07-07
zoom-2026-07,G02,Published in report month,2026-07-17
autopro-2026-07,U07,Published in report month,2026-07-31
autopro-2026-07,U04,Earlier context / ongoing development,2026-06-28
autopro-2026-07,R01,Earlier context / ongoing development,2026-06-25
autopro-2026-07,B01,Earlier context / ongoing development,2025-11-08
autopro-2026-07,G11,Published in report month,2026-07-07
autopro-2026-07,G12,Earlier context / ongoing development,2026-06-25
nxt-2026-07,U05,Earlier context / ongoing development,2026-06-28
nxt-2026-07,U07,Published in report month,2026-07-31
nxt-2026-07,R01,Earlier context / ongoing development,2026-06-25
nxt-2026-07,B01,Earlier context / ongoing development,2025-11-08
nxt-2026-07,G03,Published in report month,2026-07-24
nxt-2026-07,G11,Published in report month,2026-07-07
americana-2026-08,U09,Published in report month,2026-08-12
americana-2026-08,U12,Published in report month,2026-08-05
americana-2026-08,U10,Published in report month,2026-08-12
americana-2026-08,R02,Earlier context / ongoing development,2026-06-04
americana-2026-08,G04,Published in report month,2026-08-25
americana-2026-08,G10,Published in report month,2026-08-31
california-garden-2026-08,U09,Published in report month,2026-08-12
california-garden-2026-08,U11,Published in report month,2026-08-05
california-garden-2026-08,U10,Published in report month,2026-08-12
california-garden-2026-08,M01,Earlier context / ongoing development,2026-07-01
california-garden-2026-08,G07,Published in report month,2026-08-24
california-garden-2026-08,G10,Published in report month,2026-08-31
zoom-2026-08,U12,Published in report month,2026-08-05
zoom-2026-08,U09,Published in report month,2026-08-12
zoom-2026-08,U10,Published in report month,2026-08-12
zoom-2026-08,U13,Published in report month,2026-08-05
zoom-2026-08,G10,Published in report month,2026-08-31
zoom-2026-08,G08,Published in report month,2026-08-31
autopro-2026-08,M02,Published in report month,2026-08-14
autopro-2026-08,U08,Published in report month,2026-08-25
autopro-2026-08,U13,Published in report month,2026-08-05
autopro-2026-08,R01,Earlier context / ongoing development,2026-06-25
autopro-2026-08,G04,Published in report month,2026-08-25
autopro-2026-08,G10,Published in report month,2026-08-31
nxt-2026-08,U08,Published in report month,2026-08-25
nxt-2026-08,U14,Published in report month,2026-08-05
nxt-2026-08,U13,Published in report month,2026-08-05
nxt-2026-08,R01,Earlier context / ongoing development,2026-06-25
nxt-2026-08,M05,Published in report month,2026-08-01
nxt-2026-08,G04,Published in report month,2026-08-25
americana-2026-09,U15,Published in report month,2026-09-02
americana-2026-09,U16,Published in report month,2026-09-02
americana-2026-09,R03,Published in report month,2026-09-10
americana-2026-09,R02,Earlier context / ongoing development,2026-06-04
americana-2026-09,G06,Published in report month,2026-09-04
americana-2026-09,G05,Published in report month,2026-09-29
california-garden-2026-09,U15,Published in report month,2026-09-02
california-garden-2026-09,U16,Published in report month,2026-09-02
california-garden-2026-09,U10,Earlier context / ongoing development,2026-08-12
california-garden-2026-09,R03,Published in report month,2026-09-10
california-garden-2026-09,G06,Published in report month,2026-09-04
california-garden-2026-09,G07,Earlier context / ongoing development,2026-08-24
zoom-2026-09,U17,Published in report month,2026-09-10
zoom-2026-09,U15,Published in report month,2026-09-02
zoom-2026-09,U10,Earlier context / ongoing development,2026-08-12
zoom-2026-09,R03,Published in report month,2026-09-10
zoom-2026-09,G10,Earlier context / ongoing development,2026-08-31
zoom-2026-09,G05,Published in report month,2026-09-29
autopro-2026-09,M02,Earlier context / ongoing development,2026-08-14
autopro-2026-09,M03,Published in report month,2026-09-01
autopro-2026-09,R05,Published in report month,2026-09-30
autopro-2026-09,R04,Published in report month,2026-09-22
autopro-2026-09,G09,Published in report month,2026-09-06
autopro-2026-09,G05,Published in report month,2026-09-29
nxt-2026-09,M03,Published in report month,2026-09-01
nxt-2026-09,M04,Published in report month,2026-09-28
nxt-2026-09,R04,Published in report month,2026-09-22
nxt-2026-09,R01,Earlier context / ongoing development,2026-06-25
nxt-2026-09,G09,Published in report month,2026-09-06
nxt-2026-09,G05,Published in report month,2026-09-29
