id,title,url,published,modified,geography,observation,limitations,type,accessed
U01,"Dubai Summer Surprises 2026: 60 Days of Shopping, Entertainment, Dining, Raffles and Family Fun in Dubai",https://gulfnews.com/uae/dubai-summer-surprises-2026-opens-july-2-with-90-per-cent-sales-concerts-and-cash-prizes-1.500586720,2026-06-25,2026-06-25,UAE,"Dubai Summer Surprises was announced on 25 June for 2 July–30 August, combining retail, dining and family experiences.",June announcement; ongoing context for July/August. This does not establish any of the five brands as an official participant.,Independent reporting,2026-10-08
U02,"UAE Steps Up Price Checks to Protect Shoppers, Stabilise Commodity Prices and Strengthen Consumer Protection",https://gulfnews.com/business/retail/uae-steps-up-price-checks-to-protect-shoppers-1.500586593,2026-06-25,2026-06-25,UAE,UAE authorities discussed strengthened retail price monitoring and consumer protection.,Regulatory/retail context; not a measured change in this brand’s customer spending.,Independent reporting,2026-10-08
U03,"Dubai Launches ‘Our Flexible Summer 2026’ for Government Employees, Enhancing Work-Life Balance and Productivity",https://gulfnews.com/uae/dubai-announces-flexible-summer-working-hours-for-government-employees-1.500585772,2026-06-24,2026-06-24,UAE,Dubai’s government summer-work initiative was announced for 29 June–10 September with flexible work arrangements.,"Applies to participating government staff, not all UAE workers. Timing implications are hypotheses.",Independent reporting,2026-10-08
U04,UAE temperatures near 50°C: Police warn residents over car fire risks and tyre safety | Khaleej Times,https://www.khaleejtimes.com/uae/dubai-police-motorist-safety-tyre-vehicle-inspection-summer-heat,2026-06-28,2026-06-28,UAE,"Dubai Police highlighted roadworthiness, tyre maintenance and vehicle fire precautions during high summer temperatures.",Reported police guidance; technical scripts need qualified review. Do not invent accident-risk reductions.,Independent reporting,2026-10-08
U05,UAE consumer law protects second-hand car buyers from hidden defects and misleading sales | Khaleej Times,https://www.khaleejtimes.com/uae/legal/uae-consumer-law-second-hand-car-buyer,2026-06-28,2026-06-28,UAE,A legal advice column explains how consumer-protection provisions may apply to dealer sales of used vehicles and concealed defects.,Secondary legal commentary with assumptions. Not a legal determination about NXT or any buyer; lawyer review needed.,Independent reporting,2026-10-08
U06,Up to Dh100 weekly savings: How UAE drivers are cutting costs after fuel price hike | Khaleej Times,https://www.khaleejtimes.com/uae/transport/how-drivers-are-cutting-costs-after-fuel-price-hike,2026-06-07,2026-06-07,UAE,Residents interviewed described adapting driving habits and vehicle use as fuel costs rose.,Qualitative reporting; reported savings are not representative or transferable to AutoPro/NXT performance.,Independent reporting,2026-10-08
U07,UAE announces fuel prices: How much will a full tank cost in August 2026? | Khaleej Times,https://www.khaleejtimes.com/business/energy/uae-fuel-prices-full-tank-cost-august-2026,2026-07-31,2026-07-31,UAE,The 31 July fuel-price report explained the cost of filling different vehicles for August.,An August price announcement published in July. Never reuse these historical prices in a current sales post.,Independent reporting,2026-10-08
U08,"RTA adds new roads, parking spaces around 6 Dubai school zones | Khaleej Times",https://www.khaleejtimes.com/uae/dubai-rta-traffic-improvements-six-school-zones-safety-congestion,2026-08-25,2026-08-25,UAE,RTA reported road and parking improvements around six Dubai school zones before the new term.,Local infrastructure announcement; not evidence that every family follows the same commute.,Independent reporting,2026-10-08
U09,"Budgeting, reusing supplies: How families in UAE are cutting back-to-school costs | Khaleej Times",https://www.khaleejtimes.com/uae/schools-and-parents/how-families-in-uae-cutting-back-to-school-costs,2026-08-12,2026-09-28,UAE,"Families interviewed described budgeting, reusing supplies and comparing prices during back-to-school shopping.",Qualitative family sample. Does not prove demand for cake or a particular canned-food SKU.,Independent reporting,2026-10-08
U10,Talabat raises 2026 guidance as Q2 revenue climbs 16% to $1.1 billion | Khaleej Times,https://www.khaleejtimes.com/lifestyle/food/talabat-raises-2026-guidance-as-q2-revenue-climbs-16-to-11-billion,2026-08-12,2026-08-12,GCC aggregate; other markets also covered,Talabat reported Q2 growth and stronger grocery/retail activity; its GCC GMV rose 5% according to the article.,Company-reported aggregate including UAE. No country-level cake/canned-food sales or ZOOM partnership is established.,Company results reported by media,2026-10-08
U11,Cheapest grocery in UAE: Ministry to expand essential goods platform with more retailers | Khaleej Times,https://www.khaleejtimes.com/business/cheapest-grocery-in-uae-ministry-to-expand-essential-goods-platform-with-more-retailers,2026-08-05,2026-08-05,UAE,The ministry said it would expand the Essential Goods Prices Platform with more products and retailers.,"Price transparency is a policy signal, not proof this brand is listed or the cheapest.",Independent reporting,2026-10-08
U12,Where to eat for just Dh10 at 170 restaurants in Dubai this August | Khaleej Times,https://www.khaleejtimes.com/lifestyle/dubai-summer-surprises-aed10-dishes-restaurants-august-2026,2026-08-05,2026-08-05,UAE,DSS’s August Dh10 Dish programme included dessert and coffee combinations at participating outlets.,Competitor/category activation example; ZOOM and Americana participation is not established. Prices were event-specific.,Independent reporting,2026-10-08
U13,UAE to Oman road trip guide: The perfect 48-hour itinerary | Khaleej Times,https://www.khaleejtimes.com/lifestyle/uae-to-oman-48-hour-road-trip-guide-weekend,2026-08-05,2026-08-05,Oman / UAE cross-border,"An August travel feature described a UAE-to-Oman road-trip itinerary and reminded drivers to check entry, insurance and vehicle documents.","Travel editorial, not demand data or official visa advice. Verify eligibility and entry rules afresh.",Independent reporting,2026-10-08
U14,"Car parked under sun can hit 60ºC; UAE experts warn of heat exhaustion, skin burns | Khaleej Times",https://www.khaleejtimes.com/uae/summer-heat-parked-cars-posing-hidden-safety-risks-experts,2026-08-05,2026-08-05,UAE,Road-safety experts discussed the danger of overheated parked-car interiors in August.,Expert reporting; avoid dangerous demonstrations or unverified cooling-performance claims.,Independent reporting,2026-10-08
U15,Dubai to get traffic light-style indicators on food product labels | Khaleej Times,https://www.khaleejtimes.com/uae/dubai-traffic-light-style-indicators-on-food-product-labels,2026-09-02,2026-09-02,UAE,A September report described a Dubai laboratory nutrition-labelling service and simpler label interpretation.,"News description, not a universal legal mandate or confirmation of a brand’s grade. Regulatory details need official verification.",Independent reporting,2026-10-08
U16,"Dubai inspects over 500 schools, checks food, AC, water tanks, pools, uniforms | Khaleej Times",https://www.khaleejtimes.com/uae/education/dubai-municipality-schools-inspections-food-testing-checks,2026-09-02,2026-09-02,UAE,"Dubai Municipality inspections included school canteens, approved menus and food-contact materials.",Institutional food safety context; it does not endorse a cake or canned product for school meals.,Independent reporting,2026-10-08
U17,"Why some Emiratis are spending up to Dh33,000 on coffee machines at home | Khaleej Times",https://www.khaleejtimes.com/lifestyle/emiratis-spending-thousands-coffee-machines-home,2026-09-10,2026-09-10,UAE,A feature interviewed three coffee enthusiasts about investment in home equipment and control over taste.,"Small qualitative sample, not a population trend or evidence that convenience coffee demand fell.",Independent reporting,2026-10-08
R01,SelfDrive announces major fleet expansion and service enhancement across Saudi Arabia to meet escalating mobility demand,https://gulfnews.com/business/corporate-news/selfdrive-announces-major-fleet-expansion-and-service-enhancement-across-saudi-arabia-to-meet-escalating-mobility-demand-1.500586776,2026-06-25,2026-06-25,Saudi Arabia,SelfDrive announced expanded Riyadh/Jeddah fleet and digital booking capability around flexible vehicle access.,Corporate announcement: demand statements belong to the company and are not independently quantified or UAE used-car market data.,Corporate announcement,2026-10-08
R02,Oman Recalls Godiva Kunafah & Pistachio Milk Chocolate Bar Over Undeclared Egg Allergen Risk,https://gulfnews.com/world/gulf/oman/oman-recalls-godiva-chocolate-bar-over-undeclared-egg-allergen-1.500562988,2026-06-04,2026-06-04,Oman; product manufactured in Saudi Arabia,An Oman recall of a chocolate product concerned an undeclared egg allergen.,"Different brand/category example. No issue with Americana, California Garden or ZOOM is alleged. Use as an information-quality lesson.",Independent reporting,2026-10-08
R03,Saudi Arabia National Day 2026: September 23 Holiday Announced for Private and Non-Profit Sector Employees,https://gulfnews.com/world/gulf/saudi/saudi-arabia-announces-september-23-national-day-holiday-for-private-sector-1.500669260,2026-09-10,2026-09-10,Saudi Arabia,Saudi Arabia announced 23 September as the private/non-profit sector National Day holiday.,"Saudi occasion, not a UAE holiday. Relevance depends on a genuine audience connection and approved cultural treatment.",Independent reporting,2026-10-08
R04,Saudi Arabia Launches CEER EXOBOT Electric Cars as Kingdom Accelerates Domestic Auto Industry Push,https://gulfnews.com/world/gulf/saudi/saudi-arabia-launches-ceers-first-electric-cars-as-kingdom-accelerates-auto-push-1.500683305,2026-09-22,2026-09-22,Saudi Arabia,Reporting described the launch of CEER’s EXOBOT sedan/SUV and Saudi automotive manufacturing plans.,"A reported launch, not evidence of UAE availability, NXT inventory, used-EV demand or AutoPro service capability.",Independent reporting,2026-10-08
R05,Detail Empire expands premium automotive protection and car care offering across the GCC | Khaleej Times,https://www.khaleejtimes.com/kt-network/detail-empire-expands-premium-automotive-protection-and-car-care-offering-across-the-gcc,2026-09-30,2026-09-30,"GCC, company-defined scope","Detail Empire described expansion of its protection, detailing and car-care offering across the GCC.","Promotional KT Network coverage. Evidence of company positioning, not an independent market-size or quality assessment.",Promotional/company coverage,2026-10-08
R06,"50% of cyberattacks in Gulf targeted UAE, Saudi Arabia in first half of 2026: Report | Khaleej Times",https://www.khaleejtimes.com/business/50-cyberattacks-uae-saudi-arabia-first-half-2026-report,2026-09-18,2026-09-18,UAE/Saudi; wider Gulf study,A reported cybersecurity study highlighted UAE/Saudi exposure and phishing through messaging channels.,The study covers a wider Gulf geography; do not equate it with a GCC census or infer these brands were attacked.,Independent reporting,2026-10-08
G01,Going All in for Global Football Fans Across Meta Apps,https://about.fb.com/news/2026/06/going-all-in-for-global-football-fans-across-meta-apps/,2026-06-11,2026-06-12,Global platform,Meta announced football-related experiences across its apps and highlighted tournament intellectual-property protection.,"Platform announcement, not brand engagement evidence or permission to use tournament marks.",Official platform announcement,2026-10-08
G02,The 2026 Summer of Football: A Record-Breaking Moment Across Meta,https://about.fb.com/news/2026/07/the-2026-summer-of-football-a-record-breaking-moment-across-meta/,2026-07-17,2026-07-22,Global platform,Meta reported substantial platform activity around the summer football tournament.,"Self-reported activity; not a UAE audience share, category sales effect or guarantee of branded reach.",Official platform retrospective,2026-10-08
G03,"Introducing Seller, an App for Facebook Marketplace Sellers",https://about.fb.com/news/2026/07/introducing-seller-app-facebook-marketplace/,2026-07-24,2026-07-24,United States,"Meta introduced Seller with listing tools, a unified inbox and inventory/performance management for Marketplace sellers.",US users aged 18+ at launch. It is not established as available to NXT/UAE or as a dealer vehicle solution.,Official platform announcement,2026-10-08
G04,Introducing the Edits Film Festival to Spotlight India's Emerging Creator Talent,https://about.fb.com/news/2026/08/introducing-the-edits-film-festival-to-spotlight-indias-emerging-creator-talent/,2026-08-25,,India,The Edits Film Festival invited creators to turn everyday footage into short cinematic Reels.,"An India-specific creative programme, not evidence of a worldwide algorithm preference. Date metadata is 25 August UTC; visible date is 24 August US time.",Official platform programme,2026-10-08
G05,"Find Your Community With Forum, a Dedicated App for Facebook Groups",https://about.fb.com/news/2026/09/find-community-forum-dedicated-app-facebook-groups/,2026-09-29,2026-09-29,United States app; some global Facebook tests,"Meta announced Forum, a US app for deeper group conversations and recognition of helpful community voices.",The app is US-only at the stated launch; UAE deployment is not recommended. Adapt the useful-answer mechanic on existing channels.,Official platform announcement,2026-10-08
G06,Bento box tutorials bring calm organization to back-to-school lunches,https://blog.youtube/culture-and-trends/youtube-bento-box-meal-prep-trend/,2026-09-04,2026-09-04,Global,"YouTube reported over 250 million views of videos with bento box-related titles in January–June 2026, published on 4 September.","Global platform-defined title set, not UAE views, unique users or branded performance. Use only in September, not as June-known intelligence.",Official platform data,2026-10-08
G07,"Soup-To-Nuts Podcast: Instant food gets a flavorful, nutritious makeover",https://www.foodnavigator.com/Article/2026/08/24/soup-to-nuts-podcast-instant-food-gets-a-flavorful-nutritious-makeover/,2026-08-24,2026-08-24,Global / mainly US examples,FoodNavigator profiled startups combining convenience-food formats with flavour and ingredient quality.,"Examples concern instant/freeze-dried food, not measured canned-food demand. A category analogy, not a health claim for California Garden.",Industry reporting / podcast,2026-10-08
G08,Soup-To-Nuts Podcast: What consumers want from functional beverages now,https://www.foodnavigator.com/Article/2026/08/31/soup-to-nuts-podcast-what-consumers-want-from-functional-beverages-now/,2026-08-31,2026-08-31,Global / primarily US beverage examples,FoodNavigator described more specific use-occasion positioning in functional beverages.,"Ingredient and health claims are not transferable to ZOOM coffee or cake/canned products. Use occasion clarity, not invented functional benefits.",Industry reporting / podcast,2026-10-08
G09,Auto detailing goes viral as car deep cleans capture over 150M ASMR views,https://blog.youtube/culture-and-trends/auto-detailing-videos/,2026-09-06,2026-09-08,Global,"YouTube reported over 150 million views for auto-detailing videos with ASMR in the title during January–June 2026, published 6 September.","Global title-based platform views, not unique people, UAE demand or an expected AutoPro/NXT result.",Official platform data,2026-10-08
G10,How morning routine videos are shaping daily habits on YouTube,https://blog.youtube/culture-and-trends/morning-routine-videos-creator-trends/,2026-08-31,2026-08-31,Global,"YouTube reported over 450,000 morning-routine uploads in January–June 2026 in an article published 31 August.","Uploads indicate creator supply, not audience demand. Global scope; not a UAE result. Available only at month end.",Official platform data,2026-10-08
G11,"5 ways to build an engaged community with YouTube Shorts
            
          
           - YouTube Blog",https://blog.youtube/creator-and-artist-stories/grow-youtube-channel-interactive-shorts/,2026-07-07,2026-07-07,Global platform guidance,"YouTube described interactive Shorts tools, including polls, quizzes, Q&A and Add Yours.","Official usage guidance, not proof that the features improve brand performance or that every account has access.",Official platform guidance,2026-10-08
G12,"How we're updating the YouTube Shorts experience
            
          
           - YouTube Blog",https://blog.youtube/news-and-events/youtube-shorts-experience-updates-features/,2026-06-25,2026-06-25,Global platform,"YouTube announced Shorts viewing controls including clear-screen mode, playback speed and muting.","A rollout announcement. Implications for clear on-video storytelling are editorial recommendations, not algorithm rules.",Official platform announcement,2026-10-08
B01,Digital 2026: Saudi Arabia — DataReportal – Global Digital Insights,https://datareportal.com/reports/digital-2026-saudi-arabia,2025-11-08,2025-11-08,Saudi Arabia,DataReportal’s Digital 2026 Saudi report describes platform and connectivity conditions using mainly late-2025 data.,Published 8 November 2025. Background only; ad audience estimates are not unique active users or monthly growth.,Baseline research compilation,2026-10-08
B02,Digital 2026: The United Arab Emirates — DataReportal – Global Digital Insights,https://datareportal.com/reports/digital-2026-united-arab-emirates,2025-11-05,2025-11-05,UAE,DataReportal’s Digital 2026 UAE report describes platform and connectivity conditions using mainly late-2025 data.,Published 5 November 2025. Background only; not a June–September trend or reliable cross-platform sum.,Baseline research compilation,2026-10-08
M01,Oman to Subsidise India-Oman Food Shipping Route to Boost National Food Security and Cut Logistics Costs,https://gulfnews.com/business/markets/oman-to-subsidise-india-food-shipping-route-to-bolster-food-security-1.500593062,2026-07-01,2026-07-01,Oman / India,Oman announced temporary shipping-cost support for food imports on an India–Oman route.,"Supply-chain policy, not evidence of canned-food or cake shortages, consumer panic or this brand’s sourcing.",Independent reporting,2026-10-08
M05,Tesla hits 10 million vehicles: The EV maker that forced the auto industry to change,https://gulfnews.com/auto/news/tesla-hits-10-million-vehicles-the-ev-maker-that-forced-the-auto-industry-to-change-1.500627443,2026-08-01,2026-08-01,Global,A retrospective reported Tesla’s cumulative vehicle-production milestone and the rise of software-defined vehicles.,"Not UAE EV sales, used-EV inventory, buyer demand or proof a particular car has current software support.",Independent reporting,2026-10-08
M02,Free vehicle safety checks at ENOC AutoPro: Dubai Police launch ‘On The Go’ campaign for motorists until August 23,https://gulfnews.com/uae/transport/dubai-police-offer-free-vehicle-inspections-at-enoc-autopro-centres-1.500641297,2026-08-14,2026-08-14,UAE / AutoPro,Reporting described Dubai Police’s free vehicle inspections at ENOC AutoPro centres from 10–23 August.,Historical campaign; do not reuse an expired offer. Confirm terms and future campaigns directly with the client before publication.,Independent reporting,2026-10-08
M03,"UAE Car Rentals Surge as Residents Delay Car Ownership, Embrace Flexible Monthly Leasing Amid Uncertainty",https://gulfnews.com/business/retail/uae-car-rentals-surge-as-drivers-rethink-car-ownership-adopt-wait-and-watch-approach-1.500659088,2026-09-01,2026-09-01,UAE,Rental-company interviews described interest in flexible monthly vehicle access and delayed purchase decisions.,"Industry interviews, not a representative used-car market survey or proof NXT sales fell.",Independent reporting,2026-10-08
M04,"Toyota Tops UAE Used-Car Market for Value Retention, dubizzle Data Shows",https://gulfnews.com/business/corporate-news/toyota-cars-hold-value-best-in-uae-used-car-market-says-dubizzle-1.500690790,2026-09-28,2026-09-28,UAE,A dubizzle analysis of 2021–2023 model-year vehicles ranked Toyota highest for retained value among the major brands it analysed.,Corporate data with limited scope. Do not apply an average retained-value percentage to an individual NXT vehicle or guarantee resale value.,Corporate dataset reported by media,2026-10-08
C02,Inside the UAE’s push towards a healthier food system,https://www.foodnavigator.com/Article/2026/07/27/inside-the-uaes-push-towards-a-healthier-food-system/,2026-07-27,2026-07-27,UAE,"Reporting on the Healthy Nutrition 2031 strategy discussed food reformulation, nutritional awareness and child-focused marketing concerns.","Policy direction, not a verified restriction on a specific cake campaign. Check current official rules and product claims.",Independent reporting,2026-10-08
C03,"Middle East Focus: WALOVI Saudi growth, ASEAN halal and Calbee packs",https://www.foodnavigator.com/Article/2026/06/29/middle-east-focus-walovi-saudi-growth-asean-halal-and-calbee-packs/,2026-06-28,2026-06-28,Saudi Arabia / international brand entry,An industry roundup described WALOVI’s Saudi-linked expansion approach and local distribution partnerships.,"Corporate expansion example, not quantified GCC beverage demand. Transfer cultural/distribution learning, not food-as-medicine claims.",Independent reporting,2026-10-08
C01,UAE’s Nutri Mark nutrition labelling system goes digital,https://www.foodnavigator.com/Article/2026/06/23/uaes-nutri-mark-nutrition-labelling-system-goes-digital/,2026-06-23,2026-06-23,UAE,FoodNavigator reported digital access to Nutri-Mark information through TAMM and a nutritional grading system.,Secondary reporting; do not claim all products carry grades or that a brand has achieved a grade. Official applicability requires checking.,Independent reporting,2026-10-08
